{"v":"5.7.1","fr":29.9700012207031,"ip":0,"op":75.0000030548126,"w":500,"h":500,"nm":"Green tick looped","ddd":0,"assets":[],"layers":[{"ddd":0,"ind":1,"ty":3,"nm":"Null 1","sr":1,"ks":{"o":{"a":0,"k":0,"ix":11},"r":{"a":0,"k":0,"ix":10},"p":{"a":0,"k":[237,250,0],"ix":2},"a":{"a":0,"k":[0,0,0],"ix":1},"s":{"a":0,"k":[327,327,100],"ix":6}},"ao":0,"ip":0,"op":75.0000030548126,"st":0,"bm":0},{"ddd":0,"ind":2,"ty":4,"nm":"green circle","parent":4,"td":1,"sr":1,"ks":{"o":{"a":0,"k":100,"ix":11},"r":{"a":0,"k":0,"ix":10},"p":{"a":0,"k":[0,0,0],"ix":2},"a":{"a":0,"k":[0,0,0],"ix":1},"s":{"a":0,"k":[100,100,100],"ix":6}},"ao":0,"shapes":[{"ty":"gr","it":[{"ind":0,"ty":"sh","ix":1,"ks":{"a":0,"k":{"i":[[0,-36.182],[36.182,0],[0,36.182],[-36.182,0]],"o":[[0,36.182],[-36.182,0],[0,-36.182],[36.182,0]],"v":[[65.513,0],[0,65.513],[-65.513,0],[0,-65.513]],"c":true},"ix":2},"nm":"Path 1","mn":"ADBE Vector Shape - Group","hd":false},{"ty":"fl","c":{"a":0,"k":[0.254901975393,0.937254905701,0.596078455448,1],"ix":4},"o":{"a":0,"k":100,"ix":5},"r":1,"bm":0,"nm":"Fill 1","mn":"ADBE Vector Graphic - Fill","hd":false},{"ty":"tr","p":{"a":0,"k":[0,0],"ix":2},"a":{"a":0,"k":[0,0],"ix":1},"s":{"a":0,"k":[100,100],"ix":3},"r":{"a":0,"k":0,"ix":6},"o":{"a":0,"k":100,"ix":7},"sk":{"a":0,"k":0,"ix":4},"sa":{"a":0,"k":0,"ix":5},"nm":"Transform"}],"nm":"circle","np":2,"cix":2,"bm":0,"ix":1,"mn":"ADBE Vector Group","hd":false}],"ip":0,"op":75.0000030548126,"st":0,"bm":0},{"ddd":0,"ind":3,"ty":4,"nm":"white tick","parent":1,"tt":1,"sr":1,"ks":{"o":{"a":0,"k":100,"ix":11},"r":{"a":1,"k":[{"i":{"x":[0.495],"y":[1]},"o":{"x":[0.502],"y":[0]},"t":0,"s":[0]},{"t":16.0000006516934,"s":[360]}],"ix":10},"p":{"a":0,"k":[6.493,0,0],"ix":2},"a":{"a":0,"k":[0,0,0],"ix":1},"s":{"a":1,"k":[{"i":{"x":[0.833,0.833,0.833],"y":[0.833,0.833,0.833]},"o":{"x":[0.167,0.167,0.167],"y":[0.167,0.167,0.167]},"t":0,"s":[0,0,100]},{"t":16.0000006516934,"s":[100,100,100]}],"ix":6}},"ao":0,"shapes":[{"ty":"gr","it":[{"ind":0,"ty":"sh","ix":1,"ks":{"a":0,"k":{"i":[[0,0],[0,0],[0,0],[0,0],[0,0],[0,0]],"o":[[0,0],[0,0],[0,0],[0,0],[0,0],[0,0]],"v":[[-38.761,-2.143],[-29.473,-11.432],[-7.929,10.112],[30.188,-28.223],[38.761,-18.934],[-8.038,28.223]],"c":true},"ix":2},"nm":"Path 1","mn":"ADBE Vector Shape - Group","hd":false},{"ty":"fl","c":{"a":0,"k":[1,1,1,1],"ix":4},"o":{"a":0,"k":100,"ix":5},"r":1,"bm":0,"nm":"Fill 1","mn":"ADBE Vector Graphic - Fill","hd":false},{"ty":"tr","p":{"a":0,"k":[0,0],"ix":2},"a":{"a":0,"k":[0,0],"ix":1},"s":{"a":0,"k":[100,100],"ix":3},"r":{"a":0,"k":0,"ix":6},"o":{"a":0,"k":100,"ix":7},"sk":{"a":0,"k":0,"ix":4},"sa":{"a":0,"k":0,"ix":5},"nm":"Transform"}],"nm":"Group 1","np":2,"cix":2,"bm":0,"ix":1,"mn":"ADBE Vector Group","hd":false}],"ip":0,"op":75.0000030548126,"st":0,"bm":0},{"ddd":0,"ind":4,"ty":4,"nm":"green circle 2","parent":1,"sr":1,"ks":{"o":{"a":0,"k":100,"ix":11},"r":{"a":0,"k":0,"ix":10},"p":{"a":0,"k":[3.716,0,0],"ix":2},"a":{"a":0,"k":[0,0,0],"ix":1},"s":{"a":1,"k":[{"i":{"x":[0.833,0.833,0.833],"y":[0.833,0.833,0.833]},"o":{"x":[0.167,0.167,0.167],"y":[0.167,0.167,0.167]},"t":22,"s":[0,0,100]},{"i":{"x":[0.833,0.833,0.833],"y":[0.833,0.833,0.833]},"o":{"x":[0.167,0.167,0.167],"y":[0.167,0.167,0.167]},"t":30,"s":[100,100,100]},{"i":{"x":[0.833,0.833,0.833],"y":[0.833,0.833,0.833]},"o":{"x":[0.167,0.167,0.167],"y":[0.167,0.167,0.167]},"t":64,"s":[100,100,100]},{"t":74.0000030140818,"s":[0,0,100]}],"ix":6,"x":"var $bm_rt;\nvar _0x9233 = [\n        'BOUNCr overSHOOT+',\n        'Amplitude',\n        'Frequency',\n        'Decay',\n        'Floor',\n        'index',\n        'time',\n        'frameDuration',\n        'PI',\n        'sin',\n        'exp',\n        'abs'\n    ];\ntry {\n    var effecto = effect(_0x9233[0]);\n    var amp = $bm_div(effecto(_0x9233[1]), 1000);\n    var freq = effecto(_0x9233[2]);\n    var decay = effecto(_0x9233[3]);\n    var floor = effecto(_0x9233[4]);\n    var n, numkeys, v, t;\n    if (floor != true) {\n        $bm_rt = n = 0;\n        if (numKeys > 0) {\n            $bm_rt = n = nearestKey(time)[_0x9233[5]];\n            if (key(n)[_0x9233[6]] > time) {\n                n--;\n            }\n        }\n        ;\n        if (n == 0) {\n            $bm_rt = t = 0;\n        } else {\n            $bm_rt = t = $bm_sub(time, key(n)[_0x9233[6]]);\n        }\n        ;\n        if (n > 0) {\n            v = velocityAtTime($bm_sub(key(n)[_0x9233[6]], $bm_div(thisComp[_0x9233[7]], 10)));\n            $bm_rt = $bm_sum(value, $bm_mul($bm_mul(v, amp), $bm_div(Math[_0x9233[9]]($bm_mul($bm_mul($bm_mul(freq, t), 2), Math[_0x9233[8]])), Math[_0x9233[10]]($bm_mul(decay, t)))));\n        } else {\n            $bm_rt = value;\n        }\n    } else {\n        $bm_rt = n = 0;\n        if (numKeys > 0) {\n            $bm_rt = n = nearestKey(time)[_0x9233[5]];\n            if (key(n)[_0x9233[6]] > time) {\n                n--;\n            }\n        }\n        ;\n        if (n == 0) {\n            $bm_rt = t = 0;\n        } else {\n            $bm_rt = t = $bm_sub(time, key(n)[_0x9233[6]]);\n        }\n        ;\n        if (n > 0) {\n            v = velocityAtTime($bm_sub(key(n)[_0x9233[6]], $bm_div(thisComp[_0x9233[7]], 10)));\n            $bm_rt = $bm_sum(value, $bm_mul($bm_mul(v, amp), $bm_neg($bm_div(Math[_0x9233[11]](Math[_0x9233[9]]($bm_mul($bm_mul($bm_mul(freq, t), 2), Math[_0x9233[8]]))), Math[_0x9233[10]]($bm_mul(decay, t))))));\n        } else {\n            $bm_rt = value;\n        }\n    }\n} catch (err) {\n    $bm_rt = value;\n}"}},"ao":0,"ef":[{"ty":5,"nm":"BOUNCr overSHOOT+","np":8,"mn":"Pseudo/pse bouncR overSHOOT+","ix":1,"en":1,"ef":[{"ty":0,"nm":"Amplitude","mn":"Pseudo/pse bouncR overSHOOT+-0001","ix":1,"v":{"a":0,"k":25,"ix":1}},{"ty":0,"nm":"Frequency","mn":"Pseudo/pse bouncR overSHOOT+-0002","ix":2,"v":{"a":0,"k":2,"ix":2}},{"ty":0,"nm":"Decay","mn":"Pseudo/pse bouncR overSHOOT+-0003","ix":3,"v":{"a":0,"k":3,"ix":3}},{"ty":7,"nm":"Floor","mn":"Pseudo/pse bouncR overSHOOT+-0004","ix":4,"v":{"a":0,"k":0,"ix":4}},{"ty":6,"nm":"©2018 pixelbot - BOUNCr_v1.1","mn":"Pseudo/pse bouncR overSHOOT+-0005","ix":5,"v":0},{"ty":6,"nm":"BOUNCr overSHOOT+","mn":"Pseudo/pse bouncR overSHOOT+-0006","ix":6,"v":0}]}],"shapes":[{"ty":"gr","it":[{"ind":0,"ty":"sh","ix":1,"ks":{"a":0,"k":{"i":[[0,-36.182],[36.182,0],[0,36.182],[-36.182,0]],"o":[[0,36.182],[-36.182,0],[0,-36.182],[36.182,0]],"v":[[65.513,0],[0,65.513],[-65.513,0],[0,-65.513]],"c":true},"ix":2},"nm":"Path 1","mn":"ADBE Vector Shape - Group","hd":false},{"ty":"fl","c":{"a":0,"k":[0.254901975393,0.937254905701,0.596078455448,1],"ix":4},"o":{"a":0,"k":100,"ix":5},"r":1,"bm":0,"nm":"Fill 1","mn":"ADBE Vector Graphic - Fill","hd":false},{"ty":"tr","p":{"a":0,"k":[0,0],"ix":2},"a":{"a":0,"k":[0,0],"ix":1},"s":{"a":0,"k":[100,100],"ix":3},"r":{"a":0,"k":0,"ix":6},"o":{"a":0,"k":100,"ix":7},"sk":{"a":0,"k":0,"ix":4},"sa":{"a":0,"k":0,"ix":5},"nm":"Transform"}],"nm":"circle","np":2,"cix":2,"bm":0,"ix":1,"mn":"ADBE Vector Group","hd":false}],"ip":22.0000008960784,"op":75.0000030548126,"st":3.00000012219251,"bm":0},{"ddd":0,"ind":5,"ty":4,"nm":"circle burst","parent":1,"sr":1,"ks":{"o":{"a":0,"k":100,"ix":11},"r":{"a":1,"k":[{"i":{"x":[0.833],"y":[0.833]},"o":{"x":[0.167],"y":[0.167]},"t":5,"s":[0]},{"t":37.0000015070409,"s":[37.1]}],"ix":10},"p":{"a":0,"k":[0,0,0],"ix":2},"a":{"a":0,"k":[0,0,0],"ix":1},"s":{"a":0,"k":[100,100,100],"ix":6}},"ao":0,"shapes":[{"ty":"gr","it":[{"ind":0,"ty":"sh","ix":1,"ks":{"a":0,"k":{"i":[[0,0],[0,0]],"o":[[0,0],[0,0]],"v":[[-52.438,0],[-67.375,0]],"c":false},"ix":2},"nm":"Path 1","mn":"ADBE Vector Shape - Group","hd":false},{"ty":"st","c":{"a":0,"k":[0.2548828125,0.937225341797,0.596069335938,1],"ix":3},"o":{"a":0,"k":100,"ix":4},"w":{"a":1,"k":[{"i":{"x":[0.833],"y":[0.833]},"o":{"x":[0.167],"y":[0.167]},"t":5,"s":[0]},{"i":{"x":[0.833],"y":[0.833]},"o":{"x":[0.167],"y":[0.167]},"t":22,"s":[9]},{"t":32.0000013033867,"s":[0]}],"ix":5},"lc":2,"lj":1,"ml":4,"bm":0,"nm":"Stroke 1","mn":"ADBE Vector Graphic - Stroke","hd":false},{"ty":"rp","c":{"a":1,"k":[{"i":{"x":[0.667],"y":[1]},"o":{"x":[0.333],"y":[0]},"t":6,"s":[0]},{"t":21.0000008553475,"s":[8]}],"ix":1},"o":{"a":0,"k":0,"ix":2},"m":1,"ix":4,"tr":{"ty":"tr","p":{"a":0,"k":[0,0],"ix":2},"a":{"a":0,"k":[6,0],"ix":1},"s":{"a":0,"k":[100,100],"ix":3},"r":{"a":0,"k":45,"ix":4},"so":{"a":0,"k":100,"ix":5},"eo":{"a":0,"k":100,"ix":6},"nm":"Transform"},"nm":"Repeater 1","mn":"ADBE Vector Filter - Repeater","hd":false},{"ty":"tm","s":{"a":1,"k":[{"i":{"x":[0.667],"y":[1]},"o":{"x":[0.333],"y":[0]},"t":17,"s":[0]},{"t":33.0000013441176,"s":[100]}],"ix":1},"e":{"a":1,"k":[{"i":{"x":[0.667],"y":[1]},"o":{"x":[0.333],"y":[0]},"t":7,"s":[0]},{"t":20.0000008146167,"s":[100]}],"ix":2},"o":{"a":0,"k":0,"ix":3},"m":1,"ix":5,"nm":"Trim Paths 1","mn":"ADBE Vector Filter - Trim","hd":false},{"ty":"tr","p":{"a":0,"k":[-53.775,0.135],"ix":2},"a":{"a":0,"k":[-53.775,0.135],"ix":1},"s":{"a":0,"k":[100,93],"ix":3},"r":{"a":0,"k":0,"ix":6},"o":{"a":0,"k":100,"ix":7},"sk":{"a":0,"k":0,"ix":4},"sa":{"a":0,"k":0,"ix":5},"nm":"Transform"}],"nm":"Shape 1","np":5,"cix":2,"bm":0,"ix":1,"mn":"ADBE Vector Group","hd":false}],"ip":5.00000020365417,"op":75.0000030548126,"st":12.00000048877,"bm":0},{"ddd":0,"ind":6,"ty":4,"nm":"green tick","parent":1,"sr":1,"ks":{"o":{"a":0,"k":100,"ix":11},"r":{"a":1,"k":[{"i":{"x":[0.495],"y":[1]},"o":{"x":[0.502],"y":[0]},"t":0,"s":[0]},{"t":16.0000006516934,"s":[360]}],"ix":10},"p":{"a":0,"k":[6.493,0,0],"ix":2},"a":{"a":0,"k":[0,0,0],"ix":1},"s":{"a":1,"k":[{"i":{"x":[0.833,0.833,0.833],"y":[0.833,0.833,0.833]},"o":{"x":[0.167,0.167,0.167],"y":[0.167,0.167,0.167]},"t":0,"s":[0,0,100]},{"t":16.0000006516934,"s":[100,100,100]}],"ix":6}},"ao":0,"shapes":[{"ty":"gr","it":[{"ind":0,"ty":"sh","ix":1,"ks":{"a":0,"k":{"i":[[0,0],[0,0],[0,0],[0,0],[0,0],[0,0]],"o":[[0,0],[0,0],[0,0],[0,0],[0,0],[0,0]],"v":[[-38.761,-2.143],[-29.473,-11.432],[-7.929,10.112],[30.188,-28.223],[38.761,-18.934],[-8.038,28.223]],"c":true},"ix":2},"nm":"Path 1","mn":"ADBE Vector Shape - Group","hd":false},{"ty":"fl","c":{"a":0,"k":[0.254901975393,0.937254905701,0.596078455448,1],"ix":4},"o":{"a":0,"k":100,"ix":5},"r":1,"bm":0,"nm":"Fill 1","mn":"ADBE Vector Graphic - Fill","hd":false},{"ty":"tr","p":{"a":0,"k":[0,0],"ix":2},"a":{"a":0,"k":[0,0],"ix":1},"s":{"a":0,"k":[100,100],"ix":3},"r":{"a":0,"k":0,"ix":6},"o":{"a":0,"k":100,"ix":7},"sk":{"a":0,"k":0,"ix":4},"sa":{"a":0,"k":0,"ix":5},"nm":"Transform"}],"nm":"Group 1","np":2,"cix":2,"bm":0,"ix":1,"mn":"ADBE Vector Group","hd":false}],"ip":0,"op":62.0000025253118,"st":0,"bm":0}],"markers":[]}